"country_name","number_of_attack","avg_international_povline_ratio","avg_international_povline","Assassination","Bombing/Explosion","Hostage Taking (Kidnapping)","Unknown.x","Armed Assault","Facility/Infrastructure Attack","Hostage Taking (Barricade Incident)","Unarmed Assault","Hijacking","Business","Government (General)","Police","Private Citizens & Property","Transportation","Unknown.y","Utilities","Educational Institution","Government (Diplomatic)","Journalists & Media","Maritime","Military","Other","Religious Figures/Institutions","Telecommunication","Tourists","Airports & Aircraft","NGO","Violent Political Party","Terrorists/Non-State Militia","Food or Water Supply","Abortion Related","Bus Station/Stop","Electricity","Government Building/Facility/Office","Government Personnel (excluding police, military)","Head of State","Judge/Attorney/Court","Medical/Pharmaceutical","Police Security Forces/Officers","Prison/Jail","Retail/Grocery/Bakery","Unknown","Unnamed Civilian/Unspecified","Village/City/Town/Suburb","Ambulance","Bus (excluding tourists)","Diplomatic Personnel (outside of embassy, consulate)","Embassy/Consulate","Entertainment/Cultural/Stadium/Casino","Gas","Gas/Oil/Electric","Hotel/Resort","House/Apartment/Residence","Industrial/Textiles/Factory","International Organization (peacekeeper, aid agency, compound)","Labor Union Related","Laborer (General)/Occupation Identified","Marketplace/Plaza/Square","Military Barracks/Base/Headquarters/Checkpost","Military Personnel (soldiers, troops, officers, forces)","Military Recruiting Station/Academy","Museum/Cultural Center/Cultural House","Newspaper Journalist/Staff/Facility","Other Personnel","Place of Worship","Police Building (headquarters, station, school)","Police Patrol (including vehicles and convoys)","Politician or Political Party Movement/Meeting/Rally","Protester","Radio Journalist/Staff/Facility","Refugee (including Camps/IDP/Asylum Seekers)","Religious Figure","Restaurant/Bar/Caf?","School/University/Educational Building","Student","Teacher/Professor/Instructor","Television Journalist/Staff/Facility","Tourist","Train/Train Tracks/Trolley","Vehicles/Transportation","Construction","Military Unit/Patrol/Convoy","Mining","Race/Ethnicity Identified","Religion Identified","Affiliated Institution","Airline Officer/Personnel","Airport","Bank/Commerce","Domestic NGO","International NGO","Legal Services","Memorial/Cemetery/Monument","Military Transportation/Vehicle (excluding convoys)","Multinational Corporation","Oil","Political Party Member/Rally","Public Area (garden, parking lot, garage, beach, public building, camp)","Subway","Television","Election-related","Farm/Ranch","Named Civilian","Party Official/Candidate/Other Personnel","Aircraft (not at an airport)","Civilian Maritime","Commercial Maritime","Farmer","Other (including online news agencies)","Paramilitary","Party Office/Facility","Police Checkpoint","Procession/Gathering (funeral, wedding, birthday, religious)","Rally","Taxi/Rickshaw","Terrorist","Intelligence","Telephone/Telegraph","Water Supply","Bridge/Car Tunnel","Radio","Royalty","Tour Bus/Van","Personnel","Other Facility","Alleged Informant","Food Supply","Highway/Road/Toll/Traffic Signal","Internet Infrastructure","Military Aircraft","Military Checkpoint","Multiple Telecommunication Targets","Non-State Militia","Non-combatant Personnel","Private Security Company/Firm","Tourism Travel Agency","Military Maritime","Military Weaponry","Port","Fire Fighter/Truck","Demilitarized Zone (including Green Zone)","NATO","Oil Tanker","Clinics"
"Albania",34,1.53414310117475,44760.8235294118,4,24,4,2,0,0,0,0,0,4,10,4,8,2,2,4,0,0,0,0,0,0,0,0,0,0,0,0,0,0,0,2,4,2,4,2,2,2,2,2,2,2,6,2,0,0,0,0,0,0,0,0,0,0,0,0,0,0,0,0,0,0,0,0,0,0,0,0,0,0,0,0,0,0,0,0,0,0,0,0,0,0,0,0,0,0,0,0,0,0,0,0,0,0,0,0,0,0,0,0,0,0,0,0,0,0,0,0,0,0,0,0,0,0,0,0,0,0,0,0,0,0,0,0,0,0,0,0,0,0,0,0,0,0,0,0,0,0,0,0,0,0,0,0
"Algeria",166,4.81265314676675,1390043.87349398,50,60,14,8,28,6,0,0,0,22,18,14,36,6,4,6,16,6,12,2,14,2,4,2,2,0,0,0,0,0,0,0,4,8,2,0,2,0,8,0,2,18,8,4,2,2,2,2,4,2,4,2,4,2,2,2,4,2,4,6,2,2,8,4,2,2,4,6,2,2,2,2,4,8,2,2,2,2,4,2,0,0,0,0,0,0,0,0,0,0,0,0,0,0,0,0,0,0,0,0,0,0,0,0,0,0,0,0,0,0,0,0,0,0,0,0,0,0,0,0,0,0,0,0,0,0,0,0,0,0,0,0,0,0,0,0,0,0,0,0,0,0,0,0
"Angola",36,28.8916628015928,4736926,0,2,6,4,22,2,0,0,0,4,2,0,20,0,2,0,0,2,0,0,4,0,2,0,0,0,0,0,0,0,0,0,0,0,2,0,0,0,0,0,0,2,6,2,0,0,0,0,0,0,0,0,2,0,2,0,0,0,2,0,0,0,0,0,0,0,0,0,0,0,0,2,0,0,0,0,0,0,0,4,2,2,2,4,2,0,0,0,0,0,0,0,0,0,0,0,0,0,0,0,0,0,0,0,0,0,0,0,0,0,0,0,0,0,0,0,0,0,0,0,0,0,0,0,0,0,0,0,0,0,0,0,0,0,0,0,0,0,0,0,0,0,0,0
"Argentina",342,2.15827625963112,654680.564327485,50,184,8,16,40,32,2,10,0,64,68,16,68,16,0,10,8,16,22,0,28,0,12,2,0,6,6,0,0,0,0,0,8,16,16,2,10,2,10,0,14,20,0,2,0,6,0,16,0,0,0,2,6,4,0,18,6,4,18,8,0,0,18,4,8,2,4,22,0,2,0,2,2,4,0,0,2,0,8,6,0,0,0,0,0,2,4,2,16,4,2,2,12,2,6,2,8,4,2,2,0,0,0,0,0,0,0,0,0,0,0,0,0,0,0,0,0,0,0,0,0,0,0,0,0,0,0,0,0,0,0,0,0,0,0,0,0,0,0,0,0,0,0,0
"Armenia",24,6.31738576272518,193848.625,10,6,2,0,4,0,2,0,0,2,12,4,4,0,0,0,0,2,0,0,0,0,0,0,0,0,0,0,0,0,0,0,0,2,2,2,0,0,2,0,0,2,0,0,0,0,0,2,0,0,0,0,0,0,0,0,0,0,0,0,0,0,0,0,0,2,0,4,0,0,0,0,0,0,0,0,0,0,0,0,0,0,0,0,0,0,0,0,0,0,0,0,0,0,0,0,4,0,0,0,2,0,0,0,0,0,0,0,0,0,0,0,0,0,0,0,0,0,0,0,0,0,0,0,0,0,0,0,0,0,0,0,0,0,0,0,0,0,0,0,0,0,0,0
"Australia",39,0.563207157673827,118056.820512821,1,2,0,3,12,18,2,1,0,6,0,8,6,0,0,0,0,6,2,0,0,0,9,0,0,0,0,2,0,0,0,0,0,0,0,0,0,0,3,0,1,0,0,0,0,0,3,3,0,0,0,0,0,0,0,0,0,0,0,0,0,0,0,0,5,3,2,0,0,2,0,2,3,0,0,0,0,0,0,2,0,0,0,0,0,2,0,0,0,0,0,0,1,0,0,0,0,1,0,0,0,2,2,2,0,0,0,0,0,0,0,0,0,0,0,0,0,0,0,0,0,0,0,0,0,0,0,0,0,0,0,0,0,0,0,0,0,0,0,0,0,0,0,0
"Austria",60,0.575628926040532,46721.1833333333,2,25,0,0,9,20,0,2,2,11,2,0,24,2,0,2,2,6,2,0,0,0,2,0,2,5,0,0,0,0,0,0,2,0,2,0,0,0,0,0,0,7,2,0,0,0,1,5,2,0,0,0,0,2,0,6,0,0,0,0,0,4,2,0,2,0,0,0,2,0,2,0,2,2,0,0,0,2,0,0,0,0,0,4,0,0,1,0,0,0,0,0,2,0,2,0,0,1,0,0,0,0,1,0,2,0,0,0,0,0,0,0,0,0,0,0,0,0,0,0,0,0,0,0,0,0,0,0,0,0,0,0,0,0,0,0,0,0,0,0,0,0,0,0
"Azerbaijan",12,4.54877921943962,362038.166666667,2,4,0,0,4,2,0,0,0,0,4,4,4,0,0,0,0,0,0,0,0,0,0,0,0,0,0,0,0,0,0,0,0,0,2,2,0,0,0,0,0,0,0,0,0,0,0,0,0,0,0,0,0,0,0,0,0,0,0,0,0,0,0,0,0,4,0,0,0,0,0,0,0,0,0,0,0,0,0,0,0,0,0,0,0,0,0,0,0,0,0,0,2,0,0,0,0,0,0,0,0,0,2,0,0,0,0,0,0,0,0,0,0,0,0,0,0,0,0,0,0,0,0,0,0,0,0,0,0,0,0,0,0,0,0,0,0,0,0,0,0,0,0,0
"Bangladesh",365,28.8877282430336,34918117.9452055,56,135,16,22,96,30,8,2,0,20,67,28,122,24,6,0,20,0,10,8,6,0,10,0,0,0,2,34,8,0,0,4,0,6,12,4,5,0,10,2,4,22,20,14,0,8,0,0,2,0,2,4,4,0,0,4,12,6,2,2,0,0,4,2,2,4,8,32,4,0,0,6,2,10,6,4,2,0,6,4,0,0,0,4,12,0,0,0,2,0,2,0,0,0,0,0,10,4,0,0,8,0,10,20,0,4,2,4,2,2,8,4,2,6,6,8,0,0,0,0,0,0,0,0,0,0,0,0,0,0,0,0,0,0,0,0,0,0,0,0,0,0,0,0
"Belarus",20,2.02129990430505,202007.85,0,12,0,0,0,6,0,2,0,0,2,4,4,2,2,0,0,4,0,0,0,0,2,0,0,0,0,0,0,0,0,0,0,0,0,0,0,0,2,2,0,2,0,0,0,0,0,4,0,0,0,0,0,0,0,0,0,0,0,0,0,0,0,0,0,0,0,0,2,0,0,0,0,0,0,0,0,0,0,0,0,0,0,0,0,2,0,0,0,0,0,0,0,0,0,0,0,0,2,0,0,0,0,0,0,0,0,0,0,0,0,0,2,0,0,0,2,0,0,0,0,0,0,0,0,0,0,0,0,0,0,0,0,0,0,0,0,0,0,0,0,0,0,0
"Belgium",71,0.32498243627732,33149.8309859155,6,28,1,2,11,8,0,15,0,14,14,8,7,4,0,1,1,5,0,0,4,0,6,0,0,5,2,0,0,0,0,0,0,4,2,2,3,0,4,0,3,2,0,0,0,0,0,5,1,0,0,0,0,1,0,2,0,0,1,1,0,4,0,0,4,3,1,3,0,0,0,2,3,1,0,0,0,0,2,0,0,2,0,0,0,0,1,4,3,0,1,1,0,0,1,1,0,0,2,0,0,0,1,0,0,0,0,0,0,0,0,0,0,0,0,0,0,0,0,0,0,0,0,0,0,0,0,0,0,0,0,0,0,0,0,0,0,0,0,0,0,0,0,0
"Bolivia",90,10.6925414228221,603272.566666667,8,68,0,0,8,4,2,0,0,10,20,6,16,6,0,6,2,6,6,0,2,0,6,2,0,0,0,0,0,2,0,2,2,6,2,0,6,0,4,0,0,2,0,0,0,2,4,2,0,2,2,0,0,2,0,2,2,2,2,0,0,0,0,0,4,2,0,4,0,4,0,2,0,2,0,0,2,0,2,2,2,0,2,0,0,0,0,0,0,0,0,0,4,0,2,2,2,0,0,0,2,0,0,0,0,0,0,0,0,0,0,0,0,0,0,0,0,2,2,0,0,0,0,0,0,0,0,0,0,0,0,0,0,0,0,0,0,0,0,0,0,0,0,0
"Botswana",2,41.3562399902472,442340,0,2,0,0,0,0,0,0,0,0,0,0,2,0,0,0,0,0,0,0,0,0,0,0,0,0,0,0,0,0,0,0,0,0,0,0,0,0,0,0,0,2,0,0,0,0,0,0,0,0,0,0,0,0,0,0,0,0,0,0,0,0,0,0,0,0,0,0,0,0,0,0,0,0,0,0,0,0,0,0,0,0,0,0,0,0,0,0,0,0,0,0,0,0,0,0,0,0,0,0,0,0,0,0,0,0,0,0,0,0,0,0,0,0,0,0,0,0,0,0,0,0,0,0,0,0,0,0,0,0,0,0,0,0,0,0,0,0,0,0,0,0,0,0
"Brazil",294,16.6486944446292,25367718.2721088,70,78,48,14,46,24,4,8,2,68,54,8,48,16,4,0,0,16,44,0,14,0,6,2,2,6,4,2,0,0,0,0,0,10,16,2,2,0,6,0,10,24,8,2,0,6,6,10,2,0,0,6,4,4,0,8,6,0,8,0,0,0,28,0,4,2,0,22,0,10,0,2,6,0,0,0,0,2,4,2,0,2,0,4,0,0,0,0,4,2,2,2,4,2,12,0,0,0,2,0,0,8,6,2,6,0,0,0,4,0,0,0,2,0,2,0,0,0,0,2,2,2,0,0,0,0,0,0,0,0,0,0,0,0,0,0,0,0,0,0,0,0,0,0
"Bulgaria",44,1.46139548757944,109269.113636364,6,28,2,0,0,4,0,4,0,10,18,0,4,2,0,0,0,0,4,0,0,0,2,0,2,0,2,0,0,0,0,0,0,6,2,0,0,0,0,0,4,4,0,0,0,0,0,0,0,0,2,0,0,0,0,2,0,0,0,0,0,0,0,0,2,0,0,10,0,0,0,0,0,0,0,0,2,0,0,0,0,0,0,0,0,0,0,0,2,2,0,0,0,0,0,0,2,0,0,0,0,0,0,0,0,0,0,0,2,0,0,0,0,0,0,0,0,0,0,0,0,0,2,0,0,0,0,0,0,0,0,0,0,0,0,0,0,0,0,0,0,0,0,0
"Burundi",32,77.8450590433839,5389655.90625,0,6,0,2,22,2,0,0,0,6,0,0,10,6,0,0,0,0,0,0,10,0,0,0,0,0,0,0,0,0,0,0,0,0,0,0,0,0,0,0,0,2,4,0,0,6,0,0,0,0,0,0,2,0,0,0,0,0,4,2,0,0,0,0,0,0,0,0,0,0,2,0,6,0,0,0,0,0,0,0,0,2,0,0,0,0,0,0,0,0,0,0,0,0,0,0,0,0,0,0,0,0,0,0,0,0,0,0,0,2,0,0,0,0,0,0,0,0,0,0,0,0,0,0,0,0,0,0,0,0,0,0,0,0,0,0,0,0,0,0,0,0,0,0
"Cameroon",66,25.9913087930321,5857470.75757576,2,12,22,10,16,4,0,0,0,2,4,10,28,2,0,0,0,2,0,0,14,0,4,0,0,0,0,0,0,0,0,0,0,0,2,0,0,0,2,0,0,0,6,10,0,0,0,0,0,0,0,0,0,0,2,0,4,4,2,10,0,0,0,0,2,6,2,2,0,0,2,2,0,0,0,0,0,0,0,0,2,0,0,0,0,0,0,0,0,0,0,0,0,2,0,0,0,0,0,0,0,0,0,0,0,0,0,2,0,0,0,0,0,0,0,0,0,0,0,2,0,0,0,0,0,0,0,0,0,0,0,0,0,0,0,0,0,0,0,0,0,0,0,0
"Canada",70,0.293727448895605,99398.7428571429,4,22,0,2,13,20,0,9,0,10,2,5,12,6,1,4,3,0,5,0,4,0,11,0,0,0,0,0,0,2,5,0,4,2,0,0,0,0,3,0,1,1,1,0,0,0,0,0,2,0,1,0,2,1,0,0,0,0,0,2,2,0,1,0,10,0,2,0,0,4,2,1,2,3,0,0,0,0,0,1,0,0,0,0,2,0,0,0,1,0,0,0,0,0,2,0,0,0,4,0,0,0,2,0,0,0,0,0,0,0,0,0,2,0,2,0,0,0,2,0,0,0,0,5,0,0,0,0,0,0,0,0,0,0,0,0,0,0,0,0,0,0,0,0
"Central African Republic",6,70.3227980482328,2640883.83333333,2,0,0,2,2,0,0,0,0,0,4,0,2,0,0,0,0,0,0,0,0,0,0,0,0,0,0,0,0,0,0,0,0,0,2,0,0,0,0,0,0,0,2,0,0,0,0,0,0,0,0,0,0,0,0,0,0,0,0,0,0,0,0,0,0,0,0,0,0,0,0,0,0,0,0,0,0,0,0,0,0,0,0,0,0,0,0,0,0,0,0,0,0,0,0,0,0,0,0,0,2,0,0,0,0,0,0,0,0,0,0,0,0,0,0,0,0,0,0,0,0,0,0,0,0,0,0,0,0,0,0,0,0,0,0,0,0,0,0,0,0,0,0,0
"Chile",382,7.74321142173675,1025368.73298429,26,220,6,8,70,38,10,0,4,98,54,44,46,18,2,12,12,8,28,0,20,0,24,6,2,0,0,4,0,4,0,2,8,10,8,0,12,2,12,6,18,28,2,2,0,10,0,8,2,0,2,2,10,16,0,6,0,8,12,6,2,2,14,0,22,16,10,18,0,12,0,2,6,10,0,0,2,0,4,2,0,0,4,0,0,0,0,0,18,0,0,0,4,0,8,2,2,6,2,0,0,2,0,0,0,0,0,2,0,0,4,0,0,0,0,0,4,2,4,0,2,0,0,0,2,0,0,0,0,0,0,0,0,0,0,0,0,0,0,0,0,0,0,0
"China",588,11.9127780698529,108555215.454082,48,252,12,12,186,30,0,18,30,90,72,126,138,78,18,0,6,6,6,0,6,0,6,0,6,30,0,0,0,0,0,0,0,36,24,0,0,0,60,0,12,24,48,12,0,48,6,0,30,0,6,0,0,6,0,6,12,30,0,0,0,0,6,0,0,24,12,12,0,0,0,0,12,6,6,0,0,6,30,6,6,0,0,6,0,6,0,6,6,0,0,0,0,0,6,0,6,6,0,0,0,0,0,0,24,0,0,0,0,6,0,30,0,0,0,0,0,0,0,0,0,0,0,0,0,0,0,0,0,0,0,0,0,0,0,0,0,0,0,0,0,0,0,0
"Colombia",3126,12.0947647769501,4222394.77991043,406,1168,592,152,560,174,24,14,36,586,358,334,656,194,34,140,58,38,140,14,314,0,74,40,18,56,28,0,22,22,0,10,50,58,120,14,58,22,138,14,52,186,138,52,0,96,14,20,42,16,70,14,38,54,4,42,60,22,46,112,6,6,58,4,32,98,70,96,16,50,0,38,34,34,8,16,22,16,20,44,38,74,34,38,0,2,4,24,44,14,10,8,6,36,38,72,26,22,6,4,10,46,54,0,28,8,4,44,10,2,0,8,14,0,2,14,0,16,18,30,4,2,0,0,0,8,4,28,2,12,14,2,4,2,4,2,0,0,0,0,0,0,0,0
"Costa Rica",40,16.7314178406695,453375.45,6,12,4,0,14,0,2,0,2,6,4,4,0,0,0,0,2,12,4,2,2,0,0,0,2,2,0,0,0,0,0,0,0,0,2,0,0,0,2,0,2,0,0,0,0,0,2,10,0,0,0,0,0,0,0,0,0,0,0,0,0,0,0,2,0,0,2,2,0,4,0,0,2,0,0,0,0,2,0,0,0,0,0,0,0,0,0,0,0,0,0,0,0,2,0,0,0,0,0,0,0,2,0,0,2,0,2,0,0,0,0,0,0,0,0,0,0,0,0,0,0,0,0,0,0,0,0,0,0,0,0,0,0,0,0,0,0,0,0,0,0,0,0,0
"Croatia",22,0.253457125805019,10871.5,2,20,0,0,0,0,0,0,0,2,4,0,10,4,0,0,0,0,0,0,2,0,0,0,0,0,0,0,0,0,0,2,0,2,0,0,0,0,0,0,0,0,0,0,0,0,0,0,2,0,0,0,0,0,0,0,0,0,0,2,0,0,0,0,0,0,0,2,0,0,0,0,0,0,0,0,0,0,2,0,0,0,0,6,0,0,0,0,0,0,0,0,2,0,0,0,0,2,0,0,0,0,0,0,0,0,0,0,0,0,0,0,0,0,0,0,0,0,0,0,0,0,0,0,0,0,0,0,0,0,0,0,0,0,0,0,0,0,0,0,0,0,0,0
"Cyprus",32,0.0684127576176033,778,2,28,0,0,0,2,0,0,0,4,6,4,12,0,2,0,0,0,0,0,0,0,4,0,0,0,0,0,0,0,0,0,0,2,1,1,2,0,0,2,0,2,0,2,0,0,0,0,2,0,0,0,0,0,0,0,2,0,0,0,0,0,0,0,4,2,0,0,0,0,0,0,0,0,0,0,0,0,0,4,0,0,0,0,0,0,0,0,2,0,0,0,0,0,0,0,0,4,0,0,0,0,0,0,0,0,0,0,0,0,0,0,0,0,0,0,0,0,0,0,0,0,0,0,0,0,0,0,0,0,0,0,0,0,0,0,0,0,0,0,0,0,0,0
"Denmark",25,0.203550106180705,11021.6,1,5,0,5,8,5,0,0,1,4,2,2,5,2,0,0,0,1,2,1,0,0,4,0,0,2,0,0,0,0,0,0,0,1,0,0,0,1,0,0,1,0,2,0,0,2,0,1,0,0,0,0,0,0,0,0,1,0,0,0,0,0,2,0,4,0,2,1,0,0,0,0,0,0,0,0,0,0,0,0,0,0,0,0,0,0,2,0,1,0,0,0,0,0,1,0,0,0,0,0,0,0,0,0,0,1,0,0,0,0,0,0,2,0,0,0,0,0,0,0,0,0,0,0,0,0,0,0,0,0,0,0,0,0,0,0,0,0,0,0,0,0,0,0
"Djibouti",2,18.0430995104416,170345,0,0,2,0,0,0,0,0,0,0,0,0,0,0,0,0,0,0,0,0,2,0,0,0,0,0,0,0,0,0,0,0,0,0,0,0,0,0,0,0,0,0,0,0,0,0,0,0,0,0,0,0,0,0,0,0,0,0,0,2,0,0,0,0,0,0,0,0,0,0,0,0,0,0,0,0,0,0,0,0,0,0,0,0,0,0,0,0,0,0,0,0,0,0,0,0,0,0,0,0,0,0,0,0,0,0,0,0,0,0,0,0,0,0,0,0,0,0,0,0,0,0,0,0,0,0,0,0,0,0,0,0,0,0,0,0,0,0,0,0,0,0,0,0
"Dominican Republic",50,8.0851349202169,605861.26,6,24,2,4,8,4,0,2,0,8,8,8,16,4,2,0,0,2,2,0,0,0,0,0,0,0,0,0,0,0,0,0,0,2,4,0,0,0,8,0,0,4,2,0,0,2,0,2,2,0,0,2,0,0,0,0,0,0,0,0,0,0,0,0,0,0,0,2,2,2,0,0,2,0,0,0,0,0,0,4,0,0,0,0,0,0,0,0,2,0,0,0,0,0,0,0,0,6,2,0,0,0,0,0,0,0,0,0,0,0,0,0,0,0,0,0,0,0,0,0,0,0,0,0,0,0,0,0,0,0,0,0,0,0,0,0,0,0,0,0,0,0,0,0
"Ecuador",88,14.5254580074468,1494845.55681818,10,40,22,8,8,0,0,0,0,18,22,4,12,0,0,2,0,6,8,0,2,0,4,0,4,0,4,0,0,2,0,0,0,10,6,0,2,0,2,0,2,6,0,2,0,0,0,6,0,0,4,4,0,0,0,2,0,0,0,2,0,0,0,0,0,2,0,4,0,2,0,2,0,0,0,0,6,4,0,0,0,0,2,4,0,0,0,0,0,2,2,0,0,0,2,2,2,2,0,0,0,0,0,0,0,0,0,0,0,0,0,0,0,0,0,0,0,0,2,0,0,0,0,0,0,0,0,0,0,0,0,0,0,0,0,0,0,0,0,0,0,0,0,0
"Egypt",512,2.44273772483529,1995025.09179688,58,176,56,26,132,40,8,2,14,74,46,98,100,10,4,16,18,10,4,2,66,8,18,6,6,6,0,0,12,8,0,2,8,8,16,6,4,8,30,4,16,24,20,0,8,2,0,6,2,6,4,6,12,4,4,2,14,0,10,16,0,2,0,6,10,22,22,4,2,0,0,6,6,6,0,6,2,4,6,8,6,12,0,4,8,2,0,2,8,0,0,0,0,6,0,2,6,4,0,0,2,4,10,0,4,0,0,2,2,0,0,18,0,0,0,4,2,2,8,0,0,0,2,0,0,8,0,0,0,0,16,0,6,2,0,0,2,2,2,0,0,0,0,0
"El Salvador",300,19.1409077604051,1012753.88666667,56,122,8,6,72,24,12,0,0,54,44,28,44,18,0,10,6,4,14,0,50,0,4,10,0,0,8,2,4,0,0,0,6,12,6,4,6,0,10,4,10,26,4,8,0,12,2,2,2,0,2,2,10,10,0,6,2,2,8,14,2,0,6,2,2,6,6,14,0,6,0,2,0,4,0,0,2,0,2,2,2,10,0,0,0,0,0,0,6,2,4,0,0,8,4,2,0,2,0,0,2,4,4,2,0,0,0,0,0,0,0,2,0,0,0,4,0,8,0,4,0,0,0,0,0,0,0,0,0,4,0,0,0,0,0,0,0,0,0,0,0,0,0,0
"Estonia",12,0.721902090213217,9863.5,2,8,0,0,2,0,0,0,0,0,2,0,4,2,0,0,2,0,2,0,0,0,0,0,0,0,0,0,0,0,0,0,0,2,0,0,0,0,0,0,0,2,0,0,0,0,0,0,0,0,0,0,0,0,0,0,0,0,0,0,0,0,2,0,0,0,0,0,0,0,2,0,0,2,0,0,0,0,0,0,0,0,0,0,0,0,0,0,0,0,0,0,0,0,0,0,0,2,0,0,0,0,0,0,0,0,0,0,0,0,0,0,0,0,0,0,0,0,0,0,0,0,0,0,0,0,0,0,0,0,0,0,0,0,0,0,0,0,0,0,0,0,0,0
"Ethiopia",34,43.1034079077028,31977788.0294118,4,16,4,2,6,0,0,0,2,2,2,4,4,2,0,0,4,2,0,0,6,0,2,0,0,2,4,0,0,0,0,0,0,0,0,2,0,0,2,0,0,2,0,0,0,0,0,0,0,0,0,0,0,0,2,0,0,0,2,4,0,0,0,0,2,2,0,0,0,0,0,0,2,4,2,0,0,0,2,2,0,0,0,0,0,0,0,0,0,0,2,0,0,0,0,0,0,0,0,0,0,0,0,0,2,0,0,0,0,0,0,0,0,0,0,0,0,0,0,0,0,0,0,0,0,0,0,0,0,0,0,0,0,0,0,0,0,0,0,0,0,0,0,0
"Finland",19,0.0557988350958177,3041.57894736842,0,1,0,0,6,12,0,0,0,0,0,1,10,2,0,0,2,2,0,0,0,0,2,0,0,0,0,0,0,0,0,0,0,0,0,0,0,0,0,0,0,0,2,0,0,2,0,2,0,0,0,0,0,0,0,0,0,0,0,0,0,0,0,0,2,1,0,0,0,0,8,0,0,2,0,0,0,0,0,0,0,0,0,0,0,0,0,0,0,0,0,0,0,0,0,0,0,0,0,0,0,0,0,0,0,0,0,0,0,0,0,0,0,0,0,0,0,0,0,0,0,0,0,0,0,0,0,0,0,0,0,0,0,0,0,0,0,0,0,0,0,0,0,0
"France",661,0.415609713678151,236167.721633888,37,367,12,12,85,98,21,27,2,172,57,76,138,12,6,9,16,29,15,0,42,2,37,17,6,10,6,0,11,0,0,0,7,28,6,0,9,3,25,2,28,63,23,4,0,0,8,21,20,0,3,22,34,10,0,4,3,3,7,26,4,4,11,3,26,37,12,12,2,0,4,8,16,5,2,8,4,2,12,10,6,0,2,9,14,2,2,6,20,2,4,0,5,0,9,0,6,2,0,4,0,2,4,0,2,0,0,0,0,0,0,0,2,0,0,5,0,4,0,0,2,0,0,0,2,0,0,0,0,0,0,0,0,0,0,2,0,0,0,2,0,0,0,0
"Gabon",8,2.92694126014207,60436,2,0,0,0,0,2,4,0,0,0,0,0,2,0,0,0,0,0,2,0,0,0,0,4,0,0,0,0,0,0,0,0,0,0,0,0,0,0,0,0,0,2,0,0,0,0,0,0,0,0,0,0,0,0,0,0,0,0,0,0,0,0,0,0,0,0,0,0,0,0,0,0,0,0,0,0,0,0,0,0,0,0,0,0,0,0,0,0,0,0,0,0,0,0,0,0,2,0,0,2,0,0,0,0,0,0,0,0,0,0,0,0,0,0,0,0,0,0,0,0,2,0,0,0,0,0,0,0,0,0,0,0,0,0,0,0,0,0,0,0,0,0,0,0
"Georgia",238,12.8106900831829,509702.794117647,26,126,30,4,40,10,0,2,0,14,54,40,44,6,4,6,6,30,6,0,16,0,0,2,0,2,2,0,6,0,0,0,4,6,18,8,2,0,14,0,4,22,20,0,0,0,12,2,0,0,0,2,0,0,10,0,0,0,0,4,0,0,2,0,0,12,8,14,0,0,0,0,2,6,0,0,4,0,4,6,0,6,0,2,2,0,0,0,4,2,0,0,0,4,0,2,4,2,0,2,4,0,4,0,2,0,0,0,0,0,0,2,2,0,0,4,2,0,0,2,0,0,0,0,0,0,0,0,0,0,0,0,0,0,0,0,0,0,0,0,0,0,0,0
"Germany",417,0.077918218692052,63682.9160671463,25,66,8,48,84,155,2,27,2,107,47,20,133,25,2,2,5,29,4,0,6,0,24,0,6,4,1,0,0,2,0,0,0,14,13,2,0,0,12,0,16,39,14,0,0,3,8,20,11,0,1,14,10,5,1,12,5,2,2,3,0,5,3,0,17,3,4,18,2,0,15,0,16,5,1,0,1,5,17,7,0,0,0,25,0,6,3,1,16,0,0,0,4,0,6,2,7,4,1,0,0,0,5,0,0,0,0,0,0,0,0,0,4,0,0,0,0,0,0,0,0,0,1,0,0,0,2,2,0,0,0,0,0,0,2,0,0,0,0,0,0,0,0,0
"Ghana",4,36.4959896075506,6362436.5,0,4,0,0,0,0,0,0,0,0,2,0,0,0,0,0,0,0,2,0,0,0,0,0,0,0,0,0,0,0,0,0,0,0,2,0,0,0,0,0,0,0,0,0,0,0,0,0,0,0,0,0,0,0,0,0,0,0,0,0,0,0,2,0,0,0,0,0,0,0,0,0,0,0,0,0,0,0,0,0,0,0,0,0,0,0,0,0,0,0,0,0,0,0,0,0,0,0,0,0,0,0,0,0,0,0,0,0,0,0,0,0,0,0,0,0,0,0,0,0,0,0,0,0,0,0,0,0,0,0,0,0,0,0,0,0,0,0,0,0,0,0,0,0
"Greece",590,0.91643917003584,100100.950847458,20,258,4,16,56,216,4,14,2,146,148,72,82,8,0,0,14,48,28,0,2,2,12,4,0,4,10,10,0,0,0,2,0,46,36,4,22,6,20,10,18,28,2,0,0,0,22,22,6,0,2,0,8,6,4,10,2,2,2,0,0,0,18,4,10,30,12,38,0,2,4,0,8,8,0,2,4,0,6,18,4,0,2,0,4,0,0,0,40,6,2,2,0,0,20,0,24,2,0,2,2,2,6,0,4,0,0,0,0,0,10,0,0,0,0,0,0,2,0,0,0,0,0,0,0,0,0,0,0,0,0,0,0,0,10,0,0,0,0,2,0,0,0,0
"Guatemala",138,37.8802679980727,3283618.81884058,42,50,8,2,34,2,0,0,0,20,26,8,36,4,0,2,8,4,0,0,16,0,2,4,2,2,4,0,0,0,0,0,2,8,6,0,0,0,4,0,4,10,2,4,0,2,2,2,2,0,0,4,0,0,0,6,2,0,6,2,0,0,0,0,2,2,2,12,2,0,0,0,0,6,0,2,0,2,0,4,0,6,0,0,0,0,0,0,4,0,4,0,0,2,2,0,2,4,0,2,0,2,2,0,2,0,0,0,0,0,0,0,0,0,0,0,0,2,0,2,0,0,0,0,0,0,0,0,0,0,0,0,0,0,0,0,0,0,0,0,0,0,0,0
"Guinea",4,45.272462367592,3205797,2,0,0,0,2,0,0,0,0,0,0,0,2,0,0,0,0,0,0,0,2,0,0,0,0,0,0,0,0,0,0,0,0,0,0,0,0,0,0,0,0,0,0,2,0,0,0,0,0,0,0,0,0,0,0,0,0,0,0,0,2,0,0,0,0,0,0,0,0,0,0,0,0,0,0,0,0,0,0,0,0,0,0,0,0,0,0,0,0,0,0,0,0,0,0,0,0,0,0,0,0,0,0,0,0,0,0,0,0,0,0,0,0,0,0,0,0,0,0,0,0,0,0,0,0,0,0,0,0,0,0,0,0,0,0,0,0,0,0,0,0,0,0,0
"Guyana",12,23.3830153274759,175249,2,4,0,4,0,2,0,0,0,2,4,0,2,0,0,0,0,0,2,0,0,0,0,0,0,0,0,2,0,0,0,0,0,2,0,0,0,0,0,0,0,0,0,0,0,0,0,0,0,0,0,2,0,0,0,0,0,0,0,0,0,0,0,0,0,0,0,2,0,0,0,0,0,0,0,0,2,0,0,0,0,0,0,0,0,0,0,0,0,0,0,0,0,0,0,0,0,2,0,0,0,0,0,2,0,0,0,0,0,0,0,0,0,0,0,0,0,0,0,0,0,0,0,0,0,0,0,0,0,0,0,0,0,0,0,0,0,0,0,0,0,0,0,0
"Haiti",10,65.4901672195365,5637924,0,8,0,0,2,0,0,0,0,0,0,0,6,0,0,0,2,2,0,0,0,0,0,0,0,0,0,0,0,0,0,0,0,0,0,0,0,0,0,0,0,0,2,0,0,0,2,0,0,0,0,0,0,0,0,0,0,2,0,0,0,0,0,0,0,0,0,0,0,0,0,0,0,2,0,0,0,0,0,2,0,0,0,0,0,0,0,0,0,0,0,0,0,0,0,0,0,0,0,0,0,0,0,0,0,0,0,0,0,0,0,0,0,0,0,0,0,0,0,0,0,0,0,0,0,0,0,0,0,0,0,0,0,0,0,0,0,0,0,0,0,0,0,0
"Honduras",244,30.2241379629485,1581733.07786885,74,96,16,2,44,8,0,2,2,36,66,10,52,6,0,8,4,14,10,0,26,0,2,2,2,0,2,0,4,0,0,2,8,8,14,4,10,4,8,0,6,16,4,6,0,2,6,6,2,0,2,0,2,10,2,12,0,4,2,8,0,0,4,0,2,2,0,26,0,6,0,0,0,4,2,0,0,2,0,2,0,12,0,2,0,0,0,0,2,2,0,0,0,4,2,0,0,2,0,0,4,2,10,0,0,0,0,2,0,0,0,0,0,0,0,2,0,0,0,0,0,0,0,0,0,0,0,0,0,0,0,0,0,0,0,0,0,0,0,0,0,0,0,0
"Hungary",28,0.688333090804654,70336.9642857143,2,18,0,0,4,4,0,0,0,6,4,2,2,8,0,0,0,4,0,0,0,0,2,0,0,0,0,0,0,0,0,0,0,2,0,0,0,0,0,0,0,4,0,0,0,4,4,0,0,0,0,0,0,0,0,0,0,0,0,0,0,0,0,0,2,0,2,2,0,0,0,0,0,0,0,0,0,0,2,0,0,0,0,0,0,0,0,0,2,0,0,0,0,0,0,0,0,0,2,0,0,0,2,0,0,0,0,0,0,0,0,0,0,0,0,0,0,0,0,0,0,0,0,0,0,0,0,0,0,0,0,0,0,0,0,0,0,0,0,0,0,0,0,0
"Iceland",4,0.0167779086313999,54,0,2,0,0,0,2,0,0,0,0,2,0,0,0,0,0,0,0,0,0,0,0,2,0,0,0,0,0,0,0,0,0,0,2,0,0,0,0,0,0,0,0,0,0,0,0,0,0,0,0,0,0,0,0,0,0,0,0,0,0,0,0,0,0,2,0,0,0,0,0,0,0,0,0,0,0,0,0,0,0,0,0,0,0,0,0,0,0,0,0,0,0,0,0,0,0,0,0,0,0,0,0,0,0,0,0,0,0,0,0,0,0,0,0,0,0,0,0,0,0,0,0,0,0,0,0,0,0,0,0,0,0,0,0,0,0,0,0,0,0,0,0,0,0
"India",5898,23.1262297674647,191554374.266022,462,1722,696,444,1284,828,126,264,72,900,708,582,1518,414,54,102,234,18,126,12,384,6,210,138,18,36,36,210,174,18,0,36,66,120,186,0,42,60,234,18,126,276,198,60,0,138,6,12,42,12,66,24,102,78,0,72,162,90,60,108,0,12,54,48,84,168,114,216,30,6,6,72,24,96,24,84,30,6,156,150,150,90,102,24,48,42,24,6,66,30,0,6,0,42,12,18,192,36,0,6,108,54,162,156,6,6,0,30,12,72,42,42,36,12,12,96,18,102,18,42,0,0,6,0,6,84,0,24,0,0,0,12,48,12,6,0,0,0,0,6,0,0,0,0
"Indonesia",2388,24.333156451634,36225687.9497487,144,960,168,66,762,222,6,54,6,354,246,294,624,84,48,36,30,90,84,18,192,0,186,0,18,12,48,6,12,6,0,12,18,84,60,0,12,6,162,0,48,144,144,18,0,54,36,36,6,12,24,24,66,18,18,18,36,66,42,90,0,0,60,0,132,96,36,78,0,0,6,42,24,24,36,6,24,18,12,12,30,30,48,24,54,6,0,0,18,24,18,0,6,18,36,6,30,6,0,0,12,18,42,6,12,12,0,12,0,0,0,0,12,0,0,12,0,0,6,6,0,0,0,0,0,6,0,0,0,12,0,0,0,0,0,0,0,0,6,0,0,0,0,0
"Iran",246,2.29598906351043,1388712.60569106,20,110,12,16,76,8,2,0,2,20,36,46,30,6,8,10,2,6,0,0,46,0,24,0,0,6,4,0,0,2,0,0,0,10,12,2,8,0,20,0,4,16,8,2,0,2,2,2,0,4,4,0,0,4,2,0,2,6,18,18,0,0,0,0,8,14,12,4,0,0,0,12,0,0,0,2,0,0,0,2,0,10,0,2,0,0,2,0,4,4,0,0,2,0,0,6,2,0,0,0,0,0,2,0,4,0,0,0,0,0,0,0,2,0,0,0,0,0,0,2,0,0,0,0,0,0,2,2,0,0,0,0,0,0,0,0,0,0,0,0,0,0,0,0
"Iraq",560,0.823822319899483,242824.367857143,62,248,70,16,150,12,0,0,2,76,64,62,134,24,4,20,24,16,14,0,50,6,28,6,2,2,2,10,10,6,0,4,8,10,16,4,8,8,16,12,8,42,14,2,0,8,6,6,2,4,10,4,8,4,2,6,18,6,6,14,2,0,8,8,6,8,14,16,2,0,4,14,4,8,4,6,4,2,2,6,8,8,0,10,12,4,0,2,6,0,2,0,2,8,4,6,8,4,0,0,0,2,8,6,0,0,0,4,0,0,4,10,6,0,0,0,8,2,4,4,0,0,0,0,0,2,2,4,0,0,12,0,10,0,8,0,0,0,0,2,4,0,0,0
"Ireland",154,0.373280145829397,16340.8571428571,18,84,4,0,16,28,0,4,0,20,6,16,64,8,18,0,6,0,2,0,2,0,2,0,0,0,0,0,10,0,0,0,0,0,0,0,0,0,10,4,4,22,6,2,0,2,0,0,2,0,0,2,22,2,0,2,4,0,0,2,0,0,0,0,2,0,2,6,0,2,0,0,6,6,0,0,0,0,6,8,2,0,0,0,4,0,0,0,0,0,0,0,0,0,0,0,4,4,0,0,0,0,6,0,0,0,0,0,0,0,0,0,0,0,0,10,0,0,0,0,0,0,0,0,0,0,0,0,0,0,0,0,0,0,0,0,0,0,0,0,0,0,0,0
"Israel",970,0.354367552283878,25676.2474226804,46,564,14,20,230,56,4,34,2,130,44,44,350,78,24,10,40,14,2,4,174,0,38,0,6,6,0,0,2,4,0,28,6,14,8,0,4,6,18,0,14,76,52,36,0,36,4,2,10,0,8,8,22,14,8,2,18,24,42,56,0,2,2,4,26,12,6,12,0,0,0,6,20,32,14,4,0,2,12,36,6,40,0,54,14,4,0,4,2,0,0,0,6,24,2,4,2,22,0,0,0,10,20,0,2,0,0,6,0,0,0,6,4,0,0,0,6,0,4,0,0,0,4,0,0,0,0,2,0,2,6,0,2,0,4,0,0,0,2,0,0,0,0,0
"Italy",262,0.955665227189233,562184.335877863,18,171,6,2,27,25,0,11,2,51,59,26,38,6,0,1,12,14,14,0,9,0,16,0,6,8,0,2,0,0,0,0,1,20,12,0,11,0,6,0,10,13,4,0,0,0,4,6,5,0,2,2,2,2,2,4,0,2,2,2,0,0,14,0,14,18,2,12,2,0,4,0,0,12,0,0,0,4,6,5,8,2,0,4,2,2,6,0,4,0,0,0,0,1,8,0,2,1,0,0,2,0,4,0,2,0,0,0,0,2,2,0,0,0,0,0,2,0,0,0,0,0,2,0,0,0,0,0,0,0,0,0,0,0,1,0,0,0,0,0,0,0,0,0
"Jamaica",2,2.99545058687694,76642.5,2,0,0,0,0,0,0,0,0,0,0,0,2,0,0,0,0,0,0,0,0,0,0,0,0,0,0,0,0,0,0,0,0,0,0,0,0,0,0,0,0,0,0,0,0,0,0,0,0,0,0,0,0,0,0,0,0,0,0,0,0,0,0,0,0,0,0,0,0,0,0,0,0,0,0,0,0,0,0,0,0,0,0,0,0,0,0,0,0,0,0,0,0,0,0,0,0,0,0,0,0,0,2,0,0,0,0,0,0,0,0,0,0,0,0,0,0,0,0,0,0,0,0,0,0,0,0,0,0,0,0,0,0,0,0,0,0,0,0,0,0,0,0,0
"Japan",8,0.54184117777721,692773.5,0,6,0,0,0,2,0,0,0,0,0,0,0,0,0,0,0,2,0,0,4,0,2,0,0,0,0,0,0,0,0,0,0,0,0,0,0,0,0,0,0,0,0,0,0,0,2,0,0,0,0,0,0,0,0,0,0,0,4,0,0,0,0,0,0,0,0,0,0,0,0,0,0,0,0,0,0,0,0,0,0,0,0,0,0,2,0,0,0,0,0,0,0,0,0,0,0,0,0,0,0,0,0,0,0,0,0,0,0,0,0,0,0,0,0,0,0,0,0,0,0,0,0,0,0,0,0,0,0,0,0,0,0,0,0,0,0,0,0,0,0,0,0,0
"Jordan",20,0.769176577893292,35500.7,4,8,0,0,8,0,0,0,0,2,2,0,4,0,0,0,0,6,0,0,0,0,0,0,4,0,0,2,0,0,0,0,0,0,0,0,0,0,0,0,0,0,2,0,0,0,6,0,2,0,0,0,0,0,0,0,0,0,0,0,0,0,0,0,0,0,0,0,0,0,0,0,0,0,0,0,0,2,0,0,0,0,0,0,0,0,0,0,0,0,0,0,0,0,0,0,0,0,0,0,0,0,2,2,0,0,0,0,0,0,0,0,0,0,0,0,2,0,0,0,0,0,2,0,0,0,0,0,0,0,0,0,0,0,0,0,0,0,0,0,0,0,0,0
"Kazakhstan",32,0.717982227649067,107398.34375,2,12,0,0,8,6,0,2,2,2,8,8,2,2,0,0,2,2,4,0,2,0,0,0,0,0,0,0,0,0,0,0,0,2,0,0,2,0,2,0,2,2,0,0,0,0,0,2,0,0,0,0,2,0,0,0,0,0,2,0,0,0,2,0,0,4,2,0,0,0,0,0,0,2,0,0,0,0,2,0,0,0,0,0,0,0,0,0,0,0,0,0,0,0,0,0,0,0,0,0,0,0,0,0,0,0,0,0,0,0,0,0,0,0,0,0,4,0,0,0,0,0,0,0,0,0,0,0,0,0,0,0,0,0,0,0,0,0,0,0,0,0,0,0
"Kenya",176,31.1435564322052,11637202.4147727,26,40,2,16,70,4,8,6,4,16,32,28,42,10,2,0,8,2,0,0,14,0,14,0,2,0,4,2,0,0,0,0,0,6,8,0,2,0,14,0,6,4,10,2,0,8,0,0,2,0,0,0,2,0,2,2,2,2,2,6,0,0,0,0,6,4,8,16,2,0,0,8,4,2,0,6,0,2,2,10,2,2,2,4,0,0,0,0,0,0,2,0,0,4,0,0,2,2,0,0,0,0,0,2,0,0,0,0,0,0,0,2,2,0,0,0,0,0,0,0,0,0,0,0,0,0,0,0,0,0,0,0,0,0,0,0,0,0,0,0,0,0,0,0
"Kosovo",104,1.7636480981018,30569.9711538462,12,50,0,2,20,16,0,4,0,6,20,8,36,2,2,0,2,12,6,0,6,0,4,0,0,0,0,0,0,0,0,0,0,8,6,2,0,0,0,0,2,10,6,0,0,2,2,2,0,0,0,0,6,0,6,0,0,0,0,4,0,0,2,0,4,2,6,2,0,2,0,0,0,2,0,0,0,0,0,0,0,0,0,8,0,0,0,0,0,0,0,0,0,0,0,0,12,2,0,0,2,0,2,0,0,0,0,0,0,0,0,0,0,0,0,0,0,0,0,0,0,0,0,0,0,0,0,0,0,0,0,0,0,0,0,0,0,0,0,0,0,2,0,0
"Kyrgyzstan",52,11.6183059843861,587014.903846154,8,22,2,2,8,8,0,2,0,6,8,4,6,0,4,0,2,6,6,0,2,0,2,2,2,0,2,0,0,0,0,0,0,2,0,0,2,0,4,0,0,6,0,0,0,0,4,2,2,0,0,0,0,0,0,0,2,0,2,0,0,0,6,0,0,0,0,2,2,0,0,2,0,2,0,0,0,2,0,0,0,0,0,0,0,0,0,0,2,2,0,0,0,0,0,0,2,0,0,2,0,0,0,0,0,0,0,0,0,0,0,0,0,0,0,0,2,0,0,0,0,0,0,0,0,0,0,0,0,0,0,0,0,0,0,0,0,0,0,0,0,0,0,0
"Laos",6,22.5059787924442,1095164.83333333,0,0,0,2,4,0,0,0,0,0,0,0,4,0,0,0,0,0,0,2,0,0,0,0,0,0,0,0,0,0,0,0,0,0,0,0,0,0,0,0,0,0,0,4,0,0,0,0,0,0,0,0,0,0,0,0,0,0,0,0,0,0,0,0,0,0,0,0,0,0,0,0,0,0,0,0,0,0,0,0,0,0,0,0,0,0,0,0,0,0,0,0,0,0,0,0,0,0,0,0,0,0,0,0,0,0,2,0,0,0,0,0,0,0,0,0,0,0,0,0,0,0,0,0,0,0,0,0,0,0,0,0,0,0,0,0,0,0,0,0,0,0,0,0
"Latvia",18,1.19261126875045,28296.8333333333,0,16,0,0,0,2,0,0,0,4,4,0,2,0,0,0,0,2,0,0,0,0,6,0,0,0,0,0,0,0,0,0,0,0,4,0,0,0,0,0,4,0,0,0,0,0,0,2,0,0,0,0,0,0,0,0,0,0,0,0,0,0,0,0,6,0,0,0,0,0,0,0,0,0,0,0,0,0,0,0,0,0,0,0,0,0,0,0,0,0,0,0,2,0,0,0,0,0,0,0,0,0,0,0,0,0,0,0,0,0,0,0,0,0,0,0,0,0,0,0,0,0,0,0,0,0,0,0,0,0,0,0,0,0,0,0,0,0,0,0,0,0,0,0
"Lebanon",9,0,0,0,8,0,0,1,0,0,0,0,2,2,0,1,0,1,0,0,1,0,0,1,0,1,0,0,0,0,0,0,0,0,0,0,0,1,0,0,0,0,0,1,1,1,0,0,0,0,0,0,0,0,0,0,0,1,0,0,0,0,0,0,0,0,0,1,0,0,1,0,0,0,0,1,0,0,0,0,0,0,0,0,1,0,0,0,0,0,0,0,0,0,0,0,0,0,0,0,0,0,0,0,0,0,0,0,0,0,0,0,0,0,0,0,0,0,0,0,0,0,0,0,0,0,0,0,0,0,0,0,0,0,0,0,0,0,0,0,0,0,0,0,0,0,0
"Lesotho",4,52.1009900990099,969768,0,0,0,2,0,2,0,0,0,4,0,0,0,0,0,0,0,0,0,0,0,0,0,0,0,0,0,0,0,0,0,0,0,0,0,0,0,0,0,0,4,0,0,0,0,0,0,0,0,0,0,0,0,0,0,0,0,0,0,0,0,0,0,0,0,0,0,0,0,0,0,0,0,0,0,0,0,0,0,0,0,0,0,0,0,0,0,0,0,0,0,0,0,0,0,0,0,0,0,0,0,0,0,0,0,0,0,0,0,0,0,0,0,0,0,0,0,0,0,0,0,0,0,0,0,0,0,0,0,0,0,0,0,0,0,0,0,0,0,0,0,0,0,0
"Liberia",2,33.8253294688088,1474618,0,0,0,0,0,2,0,0,0,2,0,0,0,0,0,0,0,0,0,0,0,0,0,0,0,0,0,0,0,0,0,0,0,0,0,0,0,2,0,0,0,0,0,0,0,0,0,0,0,0,0,0,0,0,0,0,0,0,0,0,0,0,0,0,0,0,0,0,0,0,0,0,0,0,0,0,0,0,0,0,0,0,0,0,0,0,0,0,0,0,0,0,0,0,0,0,0,0,0,0,0,0,0,0,0,0,0,0,0,0,0,0,0,0,0,0,0,0,0,0,0,0,0,0,0,0,0,0,0,0,0,0,0,0,0,0,0,0,0,0,0,0,0,0
"Lithuania",6,0,0,2,4,0,0,0,0,0,0,0,4,0,0,0,0,0,0,0,2,0,0,0,0,0,0,0,0,0,0,0,0,0,0,0,0,0,0,0,0,0,0,2,0,0,0,0,0,2,0,0,0,2,0,0,0,0,0,0,0,0,0,0,0,0,0,0,0,0,0,0,0,0,0,0,0,0,0,0,0,0,0,0,0,0,0,0,0,0,0,0,0,0,0,0,0,0,0,0,0,0,0,0,0,0,0,0,0,0,0,0,0,0,0,0,0,0,0,0,0,0,0,0,0,0,0,0,0,0,0,0,0,0,0,0,0,0,0,0,0,0,0,0,0,0,0
"Luxembourg",8,0,0,1,7,0,0,0,0,0,0,0,3,1,0,1,0,0,2,0,0,0,0,0,0,0,0,0,1,0,0,0,0,0,0,1,1,0,0,0,0,0,0,0,0,0,0,0,0,0,0,2,1,0,0,1,0,0,0,0,0,0,0,0,0,0,0,0,0,0,0,0,0,0,0,0,0,0,0,0,0,0,0,0,0,0,0,0,0,0,1,1,0,0,0,0,0,0,0,0,0,0,0,0,0,0,0,0,0,0,0,0,0,0,0,0,0,0,0,0,0,0,0,0,0,0,0,0,0,0,0,0,0,0,0,0,0,0,0,0,0,0,0,0,0,0,0
"Madagascar",4,73.8423767735117,13785727,0,2,0,0,0,0,0,2,0,0,2,0,0,0,0,0,0,0,0,0,2,0,0,0,0,0,0,0,0,0,0,0,0,0,2,0,0,0,0,0,0,0,0,0,0,0,0,0,0,0,0,0,0,0,0,0,0,0,0,2,0,0,0,0,0,0,0,0,0,0,0,0,0,0,0,0,0,0,0,0,0,0,0,0,0,0,0,0,0,0,0,0,0,0,0,0,0,0,0,0,0,0,0,0,0,0,0,0,0,0,0,0,0,0,0,0,0,0,0,0,0,0,0,0,0,0,0,0,0,0,0,0,0,0,0,0,0,0,0,0,0,0,0,0
"Malaysia",36,0.484906495965109,96388.4722222222,0,16,4,0,4,10,0,2,0,6,6,4,10,4,0,0,0,2,2,0,0,0,0,0,0,2,0,0,0,0,0,2,0,2,2,0,0,0,2,0,0,0,0,0,0,0,0,2,0,0,0,0,0,0,0,0,2,0,0,0,0,0,2,0,0,2,0,0,0,0,0,0,6,0,0,0,0,0,2,0,0,0,0,0,0,0,0,2,0,0,0,0,0,0,0,0,8,0,0,0,2,0,0,0,0,0,0,0,0,0,0,0,0,0,0,0,0,0,0,0,0,0,0,0,0,0,0,0,0,0,0,0,0,0,0,0,0,0,0,0,0,0,0,0
"Maldives",2,0,0,0,0,0,2,0,0,0,0,0,0,2,0,0,0,0,0,0,0,0,0,0,0,0,0,0,0,0,0,0,0,0,0,0,0,0,0,0,0,0,0,0,0,0,0,0,0,0,0,0,0,0,0,0,0,0,0,0,0,0,0,0,0,0,0,0,0,0,2,0,0,0,0,0,0,0,0,0,0,0,0,0,0,0,0,0,0,0,0,0,0,0,0,0,0,0,0,0,0,0,0,0,0,0,0,0,0,0,0,0,0,0,0,0,0,0,0,0,0,0,0,0,0,0,0,0,0,0,0,0,0,0,0,0,0,0,0,0,0,0,0,0,0,0,0
"Mali",32,71.5218604442766,7645108,0,0,8,16,6,0,0,2,0,4,2,0,8,0,2,0,0,0,0,2,8,0,0,0,2,0,4,0,0,0,0,0,0,0,2,0,0,0,0,0,0,4,2,2,0,0,0,0,0,0,0,0,0,0,0,0,0,0,0,2,0,0,0,0,0,0,0,0,0,0,0,0,0,0,0,0,0,2,0,2,2,6,0,2,0,0,0,0,0,0,4,0,0,0,0,0,0,0,0,0,0,0,0,0,0,2,0,0,0,0,0,0,0,0,0,0,0,0,0,0,0,0,0,0,0,0,0,0,0,0,0,0,0,0,0,0,0,0,0,0,0,0,0,0
"Malta",9,0.115966334924146,540.444444444444,2,3,0,0,0,4,0,0,0,3,0,2,0,0,0,0,0,0,2,0,0,0,2,0,0,0,0,0,0,0,0,0,0,0,0,0,0,2,2,0,1,0,0,0,0,0,0,0,0,0,0,0,0,0,0,0,0,0,0,0,0,0,0,0,2,0,0,0,0,0,0,0,0,0,0,0,0,0,0,0,0,0,0,0,0,0,0,0,0,0,0,0,0,0,0,0,0,0,0,0,0,0,0,0,0,0,0,0,2,0,0,0,0,0,0,0,0,0,0,0,0,0,0,0,0,0,0,0,0,0,0,0,0,0,0,0,0,0,0,0,0,0,0,0
"Mauritania",6,13.4181453792936,421454.666666667,0,0,2,0,4,0,0,0,0,0,0,2,0,0,0,0,0,2,0,0,2,0,0,0,0,0,0,0,0,0,0,0,0,0,0,0,0,0,2,0,0,0,0,0,0,0,0,2,0,0,0,0,0,0,0,0,0,0,0,2,0,0,0,0,0,0,0,0,0,0,0,0,0,0,0,0,0,0,0,0,0,0,0,0,0,0,0,0,0,0,0,0,0,0,0,0,0,0,0,0,0,0,0,0,0,0,0,0,0,0,0,0,0,0,0,0,0,0,0,0,0,0,0,0,0,0,0,0,0,0,0,0,0,0,0,0,0,0,0,0,0,0,0,0
"Mexico",264,10.343272797238,9812165.48484848,58,52,50,14,70,14,2,4,0,38,44,28,62,6,4,2,0,6,32,0,24,0,2,0,0,0,6,10,0,0,0,0,2,12,16,0,2,0,12,2,8,20,10,2,0,2,4,2,2,0,0,2,2,2,0,2,2,2,8,4,0,0,18,0,2,8,4,12,4,6,2,0,4,0,2,0,2,0,0,6,2,6,0,4,2,0,0,0,10,2,2,0,2,4,4,0,4,2,2,0,2,0,10,10,0,0,0,2,0,0,0,0,2,0,0,0,0,0,0,0,0,0,0,0,0,0,0,0,0,0,2,0,0,0,0,0,0,0,0,0,0,0,0,0
"Moldova",12,8.43976089889604,246744.916666667,2,10,0,0,0,0,0,0,0,2,4,0,4,2,0,0,0,0,0,0,0,0,0,0,0,0,0,0,0,0,0,0,0,0,2,2,0,0,0,0,2,0,2,0,0,0,0,0,0,0,0,0,0,0,0,0,0,0,0,0,0,0,0,0,0,0,0,0,0,0,0,0,0,0,0,0,0,0,2,0,0,0,0,0,0,0,0,0,0,0,0,0,0,0,0,0,0,0,0,0,0,0,0,0,0,0,0,0,0,0,0,0,2,0,0,0,0,0,0,0,0,0,0,0,0,0,0,0,0,0,0,0,0,0,0,0,0,0,0,0,0,0,0,0
"Montenegro",8,1.46988477439032,9129.5,0,6,0,0,0,2,0,0,0,0,0,0,0,0,0,0,0,0,6,0,0,0,2,0,0,0,0,0,0,0,0,0,0,0,0,0,0,0,0,0,0,2,0,0,0,0,0,0,0,0,0,0,0,0,0,0,0,0,0,0,0,0,4,0,2,0,0,0,0,0,0,0,0,0,0,0,0,0,0,0,0,0,0,0,0,0,0,0,0,0,0,0,0,0,0,0,0,0,0,0,0,0,0,0,0,0,0,0,0,0,0,0,0,0,0,0,0,0,0,0,0,0,0,0,0,0,0,0,0,0,0,0,0,0,0,0,0,0,0,0,0,0,0,0
"Mozambique",24,64.1609225883046,16865463,0,0,2,4,14,4,0,0,0,4,0,2,8,4,0,0,0,0,0,0,6,0,0,0,0,0,0,0,0,0,0,0,0,0,0,0,0,0,2,0,2,0,0,0,0,2,0,0,0,0,0,0,0,0,0,0,2,0,0,2,0,0,0,0,0,0,0,0,0,0,0,0,0,0,0,0,0,0,0,4,0,2,2,0,0,0,0,0,0,0,0,0,0,2,0,0,0,0,0,0,0,0,2,0,0,0,0,0,0,0,0,0,0,0,0,0,0,0,0,2,0,0,0,0,0,0,0,0,0,0,0,0,0,0,0,0,0,0,0,0,0,0,0,0
"Myanmar",150,2.94883248100976,1561315.16666667,10,50,30,16,30,14,0,0,0,12,20,20,44,4,2,0,2,0,4,0,26,0,8,0,0,0,4,0,4,0,0,0,0,4,12,0,0,0,4,2,2,4,10,10,0,2,0,0,0,0,0,4,2,0,0,0,0,0,8,10,0,0,2,0,8,12,2,4,0,0,2,0,0,0,0,2,0,0,0,2,0,6,4,2,6,0,0,0,2,2,2,0,0,2,0,0,2,0,0,0,0,0,2,0,0,0,0,0,0,0,0,0,2,0,0,0,0,0,0,2,0,0,0,0,0,4,0,0,0,0,0,0,4,0,0,0,0,0,0,0,0,0,0,0
"Nepal",74,22.4762684811558,5788889.31081081,2,36,8,2,16,10,0,0,0,14,20,10,16,4,0,0,2,0,2,0,2,0,0,0,0,0,0,4,0,0,0,0,0,8,8,0,0,4,2,0,2,2,2,0,0,2,0,0,2,0,0,0,4,4,0,0,2,2,0,2,0,0,2,0,0,2,6,4,0,0,0,0,0,2,0,0,0,0,0,2,0,0,0,0,0,0,0,0,2,0,0,0,0,0,0,0,0,0,0,0,0,0,0,2,0,0,0,0,0,0,2,0,2,0,0,0,0,0,0,0,0,0,0,0,0,0,0,2,0,0,0,0,0,0,0,0,0,0,0,0,0,0,0,0
"Netherlands",40,0.244526224422459,37382.6,6,7,0,0,4,21,2,0,0,9,9,0,6,3,0,0,0,4,0,0,0,0,7,0,0,0,2,0,0,0,0,0,0,2,2,0,0,0,0,0,0,2,0,0,0,0,0,4,2,0,0,0,1,0,0,4,1,0,0,0,0,0,0,0,7,0,0,3,0,0,0,0,2,0,0,0,0,0,1,0,0,0,0,0,0,0,0,0,3,2,0,0,0,0,0,0,0,0,2,0,0,0,0,0,0,0,0,0,0,0,0,0,0,0,0,0,0,0,0,0,0,2,0,0,0,0,0,0,0,0,0,0,0,0,0,0,0,0,0,0,0,0,0,0
"Nicaragua",2,3.6746582889302,225724.5,0,0,0,0,2,0,0,0,0,0,0,0,0,0,0,0,0,0,0,0,0,0,0,0,0,0,0,2,0,0,0,0,0,0,0,0,0,0,0,0,0,0,0,0,0,0,0,0,0,0,0,0,0,0,0,0,0,0,0,0,0,0,0,0,0,0,0,0,0,0,0,0,0,0,0,0,0,0,0,0,0,0,0,0,0,0,0,0,0,0,0,0,0,0,0,0,0,0,0,0,0,0,0,2,0,0,0,0,0,0,0,0,0,0,0,0,0,0,0,0,0,0,0,0,0,0,0,0,0,0,0,0,0,0,0,0,0,0,0,0,0,0,0,0
"Niger",66,75.1599413242008,8439882,2,4,10,6,42,2,0,0,0,4,4,10,16,4,2,0,0,0,0,0,20,0,0,0,2,0,2,0,0,2,0,0,0,0,4,0,0,0,6,2,0,4,2,4,0,2,0,0,0,0,0,0,0,0,0,0,0,0,2,8,0,0,0,0,0,2,0,0,0,0,2,0,0,0,0,0,0,0,0,2,0,8,2,2,0,0,0,0,0,0,2,0,0,2,0,0,0,2,0,0,0,0,0,0,0,0,0,2,0,0,0,0,0,0,0,0,0,0,0,0,0,0,2,0,0,0,2,2,0,0,0,0,0,0,0,0,0,0,0,0,0,0,0,0
"Nigeria",634,39.4627834974813,64489529.5126183,62,202,78,34,182,60,12,4,0,98,96,46,168,20,8,20,20,6,12,0,64,2,36,10,0,0,2,20,6,0,0,4,0,14,30,4,8,6,14,6,10,28,32,14,0,12,2,0,4,4,20,8,12,6,4,4,16,8,14,20,0,2,4,6,16,14,6,22,0,4,4,16,8,10,2,4,2,0,0,6,8,10,0,12,10,2,0,0,10,2,0,0,2,6,6,16,14,10,0,0,12,2,8,12,0,0,0,2,0,4,4,6,6,4,2,0,6,4,0,2,0,0,0,0,0,2,0,0,0,0,10,2,6,0,0,0,0,0,0,2,0,0,0,0
"Norway",18,0.179035544496175,8329.66666666667,0,4,0,0,4,6,0,0,4,2,2,0,2,0,2,0,0,2,0,0,0,0,2,0,0,4,0,0,2,0,0,0,0,2,0,0,0,0,0,0,0,4,2,0,0,0,0,2,0,0,0,0,0,0,0,0,0,0,0,0,0,0,0,0,2,0,0,0,0,0,0,0,0,0,0,0,0,0,0,0,0,0,0,0,0,0,0,0,0,0,0,0,0,0,2,0,0,0,0,0,0,0,0,0,4,0,0,0,0,0,0,0,0,0,0,0,0,0,0,0,0,0,0,0,0,0,0,0,0,0,0,0,0,0,0,0,0,0,0,0,0,0,0,0
"Pakistan",2292,13.734799859586,20422783.6531414,260,896,282,106,582,120,20,16,10,296,258,192,502,126,20,52,104,34,72,6,226,6,138,22,8,22,38,80,76,14,0,20,24,34,66,16,34,30,66,8,48,118,60,22,4,50,10,14,18,14,20,24,28,22,10,14,50,34,30,46,4,4,36,28,48,44,38,62,12,4,10,46,24,42,18,26,20,4,36,30,32,40,12,22,40,26,2,20,16,22,16,6,12,12,8,14,44,12,0,0,20,0,46,50,0,0,2,4,2,42,20,22,22,10,6,32,24,14,8,10,4,2,0,0,4,14,6,2,0,0,28,2,36,0,2,0,0,0,4,2,0,24,2,0
"Panama",70,16.3693679818889,423194.371428571,14,30,2,4,16,4,0,0,0,8,18,8,10,2,2,2,2,6,4,0,8,0,0,0,0,0,0,0,0,0,0,0,2,4,2,2,4,0,4,2,0,4,0,2,0,0,2,4,0,0,0,0,0,0,0,0,0,0,0,6,2,0,0,0,0,2,0,6,0,2,0,0,2,2,0,0,2,0,0,4,2,0,0,0,0,0,0,0,2,0,0,0,0,0,2,0,0,0,0,0,0,0,0,0,0,0,0,2,0,0,0,0,0,0,0,0,0,0,0,2,0,0,0,0,0,0,0,0,0,0,0,0,0,0,0,0,0,0,0,0,0,0,0,0
"Papua New Guinea",16,51.7758759903435,2751504,2,6,0,4,2,0,2,0,0,0,4,0,6,2,0,0,0,0,0,0,2,0,0,0,0,0,2,0,0,0,0,0,0,2,2,0,0,0,0,0,0,2,2,4,0,0,0,0,0,0,0,0,0,0,0,0,0,0,2,0,0,0,0,0,0,0,0,0,0,0,0,0,0,0,0,0,0,0,0,0,0,0,0,0,0,0,0,0,0,0,0,0,0,0,0,0,0,0,0,0,0,0,0,0,0,0,0,0,0,0,0,0,0,0,0,0,0,0,0,2,0,0,0,0,0,0,0,0,0,0,0,0,0,0,0,0,0,0,0,0,0,0,0,0
"Paraguay",140,3.42238375318011,199207.95,10,26,24,4,44,20,8,2,2,36,12,26,30,8,0,8,0,2,6,0,8,0,0,0,0,0,0,0,4,0,0,0,8,0,2,0,0,0,6,0,4,2,4,0,0,6,2,0,0,0,0,0,0,0,0,4,2,0,2,0,0,0,2,0,0,10,10,10,0,2,0,0,0,0,0,0,2,0,0,2,0,2,0,0,4,0,0,0,0,0,0,0,0,4,0,0,0,0,0,0,0,30,8,0,0,0,0,6,0,0,0,0,0,0,0,4,0,0,0,0,0,0,0,0,0,0,0,2,0,0,0,0,0,0,0,0,0,0,0,0,0,0,0,0
"Peru",466,9.42784507590026,2349562.48927039,56,174,42,44,98,40,8,2,2,72,54,50,90,12,10,18,8,10,28,2,72,0,8,8,2,12,4,0,4,2,0,2,12,10,14,2,6,2,20,0,10,32,12,22,0,6,2,8,6,2,10,2,4,8,0,6,4,10,18,16,2,0,10,2,4,12,14,18,0,10,0,4,2,6,2,0,6,2,0,8,6,26,2,0,0,0,2,6,6,2,2,0,2,4,2,4,0,4,0,0,4,2,10,0,4,0,0,4,0,0,0,2,2,0,0,2,0,4,2,4,2,0,0,0,0,0,0,0,0,2,0,0,2,0,0,0,2,0,2,0,0,0,0,0
"Philippines",2390,14.0923239796808,11219944.7970711,260,898,296,124,566,188,38,0,20,434,272,194,552,122,8,48,84,10,64,18,314,4,84,70,6,22,24,4,28,28,0,20,44,42,100,12,24,8,88,12,48,116,82,58,0,70,2,2,18,0,14,24,40,58,4,6,60,28,62,94,2,4,20,30,30,50,36,72,8,28,4,46,26,40,10,14,8,6,4,46,48,60,42,22,28,2,0,18,20,12,12,2,10,38,20,4,22,20,0,4,22,46,46,4,4,4,2,24,4,36,0,4,4,0,2,12,0,36,20,22,6,0,0,0,0,12,8,4,0,10,0,8,16,8,4,0,0,2,12,4,0,0,0,0
"Poland",50,0.997325539147921,384734.6,4,32,0,0,6,4,0,4,0,14,8,8,4,4,2,0,0,6,2,0,0,0,0,0,2,0,0,0,0,0,0,0,0,0,0,2,0,0,0,0,2,6,0,0,0,4,0,6,0,0,0,2,2,2,0,0,0,2,0,0,0,0,2,0,0,4,4,6,0,0,0,0,2,0,0,0,0,2,0,0,0,0,0,0,0,0,0,0,0,0,0,0,0,0,2,0,0,0,0,0,0,0,0,0,0,0,0,0,0,0,0,0,0,0,0,0,0,0,0,0,0,0,0,0,0,0,0,0,0,0,0,0,0,0,0,0,0,0,0,0,0,0,0,0
"Portugal",2,0.504693653364285,53283,0,0,0,0,0,2,0,0,0,0,2,0,0,0,0,0,0,0,0,0,0,0,0,0,0,0,0,0,0,0,0,0,0,2,0,0,0,0,0,0,0,0,0,0,0,0,0,0,0,0,0,0,0,0,0,0,0,0,0,0,0,0,0,0,0,0,0,0,0,0,0,0,0,0,0,0,0,0,0,0,0,0,0,0,0,0,0,0,0,0,0,0,0,0,0,0,0,0,0,0,0,0,0,0,0,0,0,0,0,0,0,0,0,0,0,0,0,0,0,0,0,0,0,0,0,0,0,0,0,0,0,0,0,0,0,0,0,0,0,0,0,0,0,0
"Romania",8,1.51645668155925,323142.875,0,4,0,0,4,0,0,0,0,4,0,0,2,0,2,0,0,0,0,0,0,0,0,0,0,0,0,0,0,0,0,0,0,0,0,0,0,0,0,0,0,2,0,0,0,0,0,0,0,0,4,0,0,0,0,2,0,0,0,0,0,0,0,0,0,0,0,0,0,0,0,0,0,0,0,0,0,0,0,0,0,0,0,0,0,0,0,0,0,0,0,0,0,0,0,0,0,0,0,0,0,0,0,0,0,0,0,0,0,0,0,0,0,0,0,0,0,0,0,0,0,0,0,0,0,0,0,0,0,0,0,0,0,0,0,0,0,0,0,0,0,0,0,0
"Russia",2056,0.961875538299464,1409621.96498054,230,962,106,30,526,112,14,62,14,212,336,368,334,124,50,50,48,18,84,0,220,4,124,18,6,12,38,2,6,2,0,22,20,56,104,16,52,10,150,2,42,112,60,8,0,28,6,8,22,16,10,16,30,14,4,2,36,22,32,78,0,4,42,10,44,70,66,58,8,16,0,66,34,34,10,4,6,6,38,18,6,46,2,16,16,14,0,4,20,22,16,4,10,24,2,14,24,12,14,2,14,4,38,2,8,0,0,0,10,16,0,72,10,0,2,2,36,6,2,12,4,0,0,0,0,0,0,8,0,6,18,0,2,0,0,0,0,0,0,4,0,0,0,0
"Rwanda",24,61.0950740627015,6113023.45833333,0,16,0,2,6,0,0,0,0,4,2,2,10,6,0,0,0,0,0,0,0,0,0,0,0,0,0,0,0,0,0,4,0,0,0,0,0,0,0,0,0,4,6,0,0,0,0,0,0,0,0,0,0,0,0,0,0,2,0,0,0,0,0,0,0,2,0,2,0,0,0,0,2,0,0,0,0,0,2,0,0,0,0,0,0,0,0,0,0,0,0,0,0,0,0,0,0,0,0,0,0,0,0,0,0,0,0,0,0,0,0,0,0,0,0,0,0,0,0,0,0,0,0,0,0,0,0,0,0,0,0,0,0,0,0,0,0,0,0,0,0,0,0,0
"Senegal",28,52.796677177725,5113236.71428571,6,0,6,2,10,0,0,2,2,2,4,0,10,2,0,0,0,0,0,0,4,0,2,0,0,2,0,0,2,0,0,0,0,0,2,2,0,0,0,0,0,0,6,0,0,2,0,0,0,0,0,0,0,0,0,0,2,0,0,4,0,0,0,0,0,0,0,0,0,0,0,2,0,0,0,0,0,0,0,2,2,0,0,0,0,0,0,0,0,0,0,0,0,0,0,0,0,0,0,0,0,0,0,0,2,0,0,0,0,0,0,0,0,0,0,2,0,0,0,0,0,0,0,0,0,0,0,0,0,0,0,0,0,0,0,0,0,0,0,0,0,0,0,0
"Serbia",22,2.02616761044291,145092.727272727,2,10,0,2,6,2,0,0,0,0,2,10,4,0,0,0,0,4,2,0,0,0,0,0,0,0,0,0,0,0,0,0,0,0,2,0,0,0,4,0,0,0,2,0,0,0,0,4,0,0,0,0,0,0,0,0,0,0,0,0,0,0,0,0,0,4,2,0,0,0,0,0,0,0,0,0,2,0,0,2,0,0,0,0,0,0,0,0,0,0,0,0,0,0,0,0,0,0,0,0,0,0,0,0,0,0,0,0,0,0,0,0,0,0,0,0,0,0,0,0,0,0,0,0,0,0,0,0,0,0,0,0,0,0,0,0,0,0,0,0,0,0,0,0
"Slovenia",1,0,0,0,1,0,0,0,0,0,0,0,0,1,0,0,0,0,0,0,0,0,0,0,0,0,0,0,0,0,0,0,0,0,0,0,0,1,0,0,0,0,0,0,0,0,0,0,0,0,0,0,0,0,0,0,0,0,0,0,0,0,0,0,0,0,0,0,0,0,0,0,0,0,0,0,0,0,0,0,0,0,0,0,0,0,0,0,0,0,0,0,0,0,0,0,0,0,0,0,0,0,0,0,0,0,0,0,0,0,0,0,0,0,0,0,0,0,0,0,0,0,0,0,0,0,0,0,0,0,0,0,0,0,0,0,0,0,0,0,0,0,0,0,0,0,0
"Somalia",212,69.6709736044501,10164413,34,74,24,16,46,10,4,2,2,24,30,16,54,4,2,0,4,6,6,0,52,0,2,0,0,0,6,0,4,2,0,0,0,4,6,2,4,0,6,0,6,8,6,10,0,2,0,2,2,0,0,4,2,2,4,2,8,2,10,10,2,0,0,2,0,6,0,6,2,0,0,2,2,2,0,0,4,0,0,6,0,8,0,0,0,0,0,0,4,2,2,0,0,8,0,0,0,2,0,0,2,0,8,0,0,0,0,2,2,4,0,4,2,0,2,0,6,0,2,0,0,0,0,0,0,2,0,0,0,0,6,0,4,4,0,0,0,0,0,0,0,0,0,0
"South Africa",60,28.7116263378612,13689846.5166667,8,26,0,0,12,14,0,0,0,14,14,0,22,2,0,0,0,2,0,0,2,0,2,0,0,2,0,0,0,0,0,0,0,2,0,0,4,0,0,0,4,4,4,2,0,2,0,2,2,0,0,0,6,0,0,2,0,0,0,2,0,2,0,0,2,0,0,6,0,0,0,0,2,0,0,0,0,0,0,2,0,0,0,0,0,0,0,2,2,0,0,0,0,0,0,0,4,0,0,0,2,0,0,0,0,0,0,0,0,0,0,0,0,0,0,0,0,0,0,0,0,0,0,0,0,0,0,0,0,0,0,0,0,0,0,0,0,0,0,0,0,0,0,0
"South Korea",4,0.238053742590975,118459.5,0,0,0,0,2,2,0,0,0,0,2,0,2,0,0,0,0,0,0,0,0,0,0,0,0,0,0,0,0,0,0,0,0,0,0,0,0,0,0,0,0,0,0,0,0,0,0,0,0,0,0,0,0,0,0,0,0,0,0,0,0,0,0,0,0,0,0,2,0,0,0,0,0,0,0,0,0,0,0,0,0,0,0,0,0,0,0,0,0,0,0,0,2,0,0,0,0,0,0,0,0,0,0,0,0,0,0,0,0,0,0,0,0,0,0,0,0,0,0,0,0,0,0,0,0,0,0,0,0,0,0,0,0,0,0,0,0,0,0,0,0,0,0,0
"South Sudan",78,71.915524161294,7790263.5,4,4,26,4,36,4,0,0,0,4,8,6,26,4,0,0,2,6,6,0,12,0,0,0,2,0,2,0,0,0,0,0,0,0,4,0,0,0,2,0,0,2,8,6,0,4,2,0,0,0,2,0,0,0,4,0,4,2,2,8,0,0,2,0,0,2,2,4,0,0,4,0,2,2,0,0,2,0,0,2,0,0,0,0,0,0,0,0,0,0,2,0,0,0,0,0,0,0,0,0,0,0,0,0,0,0,0,0,0,0,0,0,0,0,0,0,0,0,0,0,0,0,2,0,0,0,0,0,0,0,2,0,0,0,0,0,0,0,0,0,0,0,0,0
"Spain",684,0.587589682579657,244235.35380117,108,384,24,6,66,88,0,4,4,192,114,94,84,48,8,6,10,2,18,4,52,0,6,26,2,10,2,2,4,0,0,0,6,26,18,0,14,0,42,2,26,48,10,0,0,12,0,0,22,0,4,14,6,24,0,2,8,2,16,20,2,4,8,0,4,26,20,56,0,8,0,2,18,8,4,2,2,2,22,8,10,4,0,2,0,0,4,4,30,0,2,2,2,6,18,0,8,16,2,8,0,0,6,2,2,2,0,0,0,0,0,2,2,0,0,2,0,8,0,4,2,0,0,0,0,0,0,8,0,0,0,4,2,0,0,0,0,0,2,0,0,0,0,0
"Sri Lanka",564,9.25594900852779,1633674.7464539,70,208,50,54,152,12,4,6,8,40,48,62,148,44,12,8,4,8,14,12,92,2,20,4,2,2,16,10,10,6,0,4,6,10,18,0,6,8,18,0,4,44,28,14,2,14,2,2,2,0,4,6,8,2,4,4,18,2,22,20,0,0,12,0,8,24,12,12,2,2,0,10,2,4,0,0,0,2,16,4,0,18,0,20,12,0,0,2,2,6,8,0,2,12,0,2,6,2,0,2,0,4,8,8,0,0,8,8,0,0,2,4,2,0,0,6,2,0,2,8,0,0,0,0,0,2,4,2,0,4,8,0,2,0,0,0,4,0,0,0,0,0,0,0
"Sudan",132,14.4399183690862,5331481.39393939,6,10,36,12,48,10,2,2,6,6,12,6,58,6,0,0,4,8,2,0,16,0,2,0,0,0,8,0,4,0,0,0,0,0,6,0,0,2,2,0,0,4,10,18,0,2,0,0,0,0,2,0,2,0,8,2,4,2,4,4,0,0,2,0,0,4,0,6,0,0,10,2,0,2,2,2,0,0,0,0,0,4,0,0,0,0,0,0,0,2,6,0,0,0,0,0,2,0,0,0,0,0,4,0,0,0,0,2,0,4,0,0,0,0,2,2,0,0,0,0,0,0,0,0,0,0,0,0,0,0,0,0,2,0,0,0,0,0,0,0,0,0,0,0
"Sweden",98,0.387864797620972,36507.9693877551,2,36,0,2,16,36,2,2,2,14,10,2,42,2,0,0,6,10,0,0,0,0,10,0,0,2,0,0,0,0,0,0,0,4,0,0,2,0,0,0,2,2,8,0,0,0,2,8,2,0,0,0,0,0,0,2,2,0,0,0,0,4,0,0,10,2,0,0,2,0,12,0,8,6,0,0,0,0,2,0,0,0,0,2,0,0,2,0,2,0,0,0,4,0,0,0,2,2,0,0,2,0,0,0,0,0,0,0,0,0,0,0,2,0,0,0,0,0,0,0,0,0,0,0,0,0,0,0,0,0,0,0,0,0,0,0,0,0,0,0,0,0,0,0
"Switzerland",39,0.285926938334975,18851.5897435897,2,24,0,2,5,4,2,0,0,12,4,0,11,0,0,0,0,10,0,0,0,0,0,0,0,0,0,0,0,2,0,0,0,2,0,0,0,0,0,0,0,0,6,0,0,0,0,10,0,0,0,2,0,4,0,0,0,0,0,0,0,2,0,0,0,0,0,0,1,0,0,0,0,0,0,0,0,0,0,0,0,0,0,0,2,0,0,0,3,0,0,0,0,0,3,0,0,0,0,0,0,0,0,0,0,0,0,0,0,0,0,0,0,0,0,0,2,0,2,0,0,0,0,0,0,0,0,0,0,0,0,0,0,0,0,0,0,0,0,0,0,0,0,0
"Syria",4,2.28699996345811,337427.5,2,2,0,0,0,0,0,0,0,0,2,0,0,2,0,0,0,0,0,0,0,0,0,0,0,0,0,0,0,0,0,0,0,0,0,0,0,0,0,0,0,0,0,0,0,2,0,0,0,0,0,0,0,0,0,0,0,0,0,0,0,0,0,0,0,0,0,2,0,0,0,0,0,0,0,0,0,0,0,0,0,0,0,0,0,0,0,0,0,0,0,0,0,0,0,0,0,0,0,0,0,0,0,0,0,0,0,0,0,0,0,0,0,0,0,0,0,0,0,0,0,0,0,0,0,0,0,0,0,0,0,0,0,0,0,0,0,0,0,0,0,0,0,0
"Taiwan",17,0.175536752648489,37315.5294117647,4,6,0,0,2,4,0,0,1,2,5,2,4,1,0,0,0,2,0,0,0,0,0,0,0,1,0,0,0,0,0,0,0,0,0,2,2,2,2,0,0,0,0,0,0,0,2,0,0,0,0,0,0,0,0,0,0,0,0,0,0,0,0,0,0,0,0,1,0,0,0,0,0,0,0,0,0,0,1,0,0,0,0,0,0,0,0,0,0,0,0,0,0,0,0,0,2,0,0,0,0,0,0,0,1,0,0,0,0,0,0,0,2,0,0,0,0,0,0,0,0,0,0,0,0,0,0,0,0,0,0,0,0,0,0,0,0,0,0,0,0,0,0,0
"Tajikistan",16,31.49446069733,1978564.4375,2,6,2,0,6,0,0,0,0,0,4,8,2,0,0,0,0,0,0,0,2,0,0,0,0,0,0,0,0,0,0,0,0,0,2,2,0,0,2,0,0,0,0,0,0,0,0,0,0,0,0,0,0,0,0,0,0,2,0,0,2,0,0,0,0,6,0,0,0,0,0,0,0,0,0,0,0,0,0,0,0,0,0,0,0,0,0,0,0,0,0,0,0,0,0,0,0,0,0,0,0,0,0,0,0,0,0,0,0,0,0,0,0,0,0,0,0,0,0,0,0,0,0,0,0,0,0,0,0,0,0,0,0,0,0,0,0,0,0,0,0,0,0,0
"Tanzania",4,85.1327071406721,28518756,0,2,2,0,0,0,0,0,0,0,4,0,0,0,0,0,0,0,0,0,0,0,0,0,0,0,0,0,0,0,0,0,0,0,0,0,0,0,0,0,0,0,0,0,0,0,0,0,0,0,0,0,0,0,0,0,0,0,0,0,0,0,0,0,0,0,0,4,0,0,0,0,0,0,0,0,0,0,0,0,0,0,0,0,0,0,0,0,0,0,0,0,0,0,0,0,0,0,0,0,0,0,0,0,0,0,0,0,0,0,0,0,0,0,0,0,0,0,0,0,0,0,0,0,0,0,0,0,0,0,0,0,0,0,0,0,0,0,0,0,0,0,0,0
"Thailand",1936,0.954999691348351,542896.645144628,146,858,16,32,620,224,10,8,22,346,224,204,456,104,26,46,128,14,36,6,202,8,68,44,2,4,6,2,6,4,0,12,44,62,86,0,10,16,78,2,74,118,60,8,2,22,2,10,14,2,18,22,26,28,2,6,52,38,28,54,0,2,18,28,24,42,42,56,18,6,6,30,40,58,10,42,10,0,50,40,20,40,2,22,38,8,0,2,22,2,2,0,2,24,10,0,12,20,0,2,6,32,46,0,2,4,0,8,0,30,2,30,12,0,0,2,0,36,2,16,0,0,2,0,0,18,2,4,2,0,18,0,2,2,2,0,0,2,2,6,0,0,0,0
"Trinidad and Tobago",2,2.64008911132812,32649.5,0,0,0,0,0,2,0,0,0,2,0,0,0,0,0,0,0,0,0,0,0,0,0,0,0,0,0,0,0,0,0,0,0,0,0,0,0,0,0,0,2,0,0,0,0,0,0,0,0,0,0,0,0,0,0,0,0,0,0,0,0,0,0,0,0,0,0,0,0,0,0,0,0,0,0,0,0,0,0,0,0,0,0,0,0,0,0,0,0,0,0,0,0,0,0,0,0,0,0,0,0,0,0,0,0,0,0,0,0,0,0,0,0,0,0,0,0,0,0,0,0,0,0,0,0,0,0,0,0,0,0,0,0,0,0,0,0,0,0,0,0,0,0,0
"Tunisia",32,1.15956722073435,111180.375,2,8,4,2,14,0,2,0,0,2,2,8,4,0,2,0,0,0,0,0,10,0,2,0,2,0,0,0,0,0,0,0,0,0,0,0,0,0,2,0,0,2,0,0,0,0,0,0,0,0,0,2,0,0,0,0,2,0,2,4,0,0,0,0,0,4,2,2,0,0,0,2,0,0,0,0,0,2,0,0,0,2,0,0,0,0,0,0,0,0,0,0,0,2,0,0,0,0,0,0,0,0,0,0,0,0,0,2,0,0,0,0,0,0,0,0,0,0,0,0,0,0,0,0,0,0,0,0,0,0,0,0,0,0,0,0,0,0,0,0,0,0,0,0
"Turkey",1424,0.950823506521805,607664.452247191,100,628,124,96,334,108,12,12,10,200,158,180,268,84,20,46,54,16,40,2,264,4,22,0,14,10,6,4,28,4,0,10,14,30,52,4,24,8,66,8,32,70,52,16,2,38,4,8,10,14,14,14,14,8,0,12,20,8,46,70,10,4,24,2,16,56,28,46,0,0,2,4,24,34,2,18,8,6,26,36,34,48,10,10,0,2,2,4,14,2,2,2,2,36,10,16,40,10,0,0,0,2,22,2,4,2,0,0,2,26,2,18,10,0,2,0,2,0,4,2,0,0,4,0,2,0,0,2,0,10,12,0,28,0,0,2,0,2,0,2,0,2,0,0
"Uganda",156,59.5387146902183,14514985.3525641,10,28,14,24,68,8,0,4,0,22,6,8,60,12,2,0,10,4,0,0,14,0,10,0,2,2,4,0,0,0,0,0,0,0,0,0,0,2,2,0,2,20,18,10,0,10,2,0,2,0,2,0,2,0,2,0,0,2,4,2,0,0,0,0,0,6,0,6,0,0,8,8,2,8,0,0,0,2,0,12,0,6,0,0,0,2,0,0,2,0,4,0,0,2,0,0,0,2,0,0,0,0,2,0,2,0,0,0,0,0,0,0,0,0,0,0,0,0,0,0,0,0,0,0,0,0,0,0,0,0,0,0,0,0,0,0,0,0,0,0,0,0,0,0
"Ukraine",740,0.268641533360557,133225.916216216,46,328,106,28,92,108,16,14,2,90,96,44,150,34,10,18,16,34,46,0,114,6,24,4,2,8,12,4,20,8,0,2,12,16,12,2,20,6,20,2,8,32,18,10,4,10,2,10,8,6,4,2,8,8,22,10,8,2,18,24,8,0,16,2,16,14,4,30,10,4,8,4,4,12,2,2,12,0,14,14,0,12,10,4,4,4,2,2,16,2,8,4,10,12,4,0,28,4,0,2,8,2,8,0,4,0,0,0,10,10,4,4,0,0,0,10,8,2,8,6,0,0,2,0,0,2,0,2,0,6,20,0,10,2,0,0,2,0,0,0,0,0,0,0
"United Arab Emirates",1,0,0,0,1,0,0,0,0,0,0,0,0,0,1,0,0,0,0,0,0,0,0,0,0,0,0,0,0,0,0,0,0,0,0,0,0,0,0,0,0,0,0,0,0,0,0,0,0,0,0,0,0,0,0,0,0,0,0,0,0,0,0,0,0,0,0,0,0,1,0,0,0,0,0,0,0,0,0,0,0,0,0,0,0,0,0,0,0,0,0,0,0,0,0,0,0,0,0,0,0,0,0,0,0,0,0,0,0,0,0,0,0,0,0,0,0,0,0,0,0,0,0,0,0,0,0,0,0,0,0,0,0,0,0,0,0,0,0,0,0,0,0,0,0,0,0
"United Kingdom",1781,0.266367810187183,159033.302077485,208,779,28,32,334,317,12,47,24,293,169,259,559,83,53,8,26,18,14,4,133,2,65,6,5,22,10,4,46,0,2,10,4,38,25,2,24,2,112,20,59,130,83,12,0,14,2,16,37,0,7,25,74,13,0,18,25,16,31,42,10,10,12,0,47,63,58,69,2,0,2,4,53,24,4,2,0,2,33,54,6,18,2,20,102,8,8,10,28,6,2,0,2,16,6,4,31,30,9,0,4,5,54,4,4,0,2,4,2,4,0,6,6,0,2,34,3,2,0,7,0,2,1,2,2,6,0,6,0,2,6,0,7,0,2,0,0,0,2,2,0,0,0,0
"United States",1120,0.794045121286662,2284530.47053571,66,370,12,4,182,388,22,66,10,269,141,46,177,16,10,21,70,27,31,4,56,2,93,5,6,30,16,2,4,1,93,4,15,60,31,12,19,14,16,4,49,52,20,4,0,0,4,13,24,2,6,9,36,37,6,12,10,2,14,8,18,4,21,8,62,15,9,19,4,6,0,22,28,44,7,18,4,6,12,8,22,4,0,18,10,7,0,24,19,10,2,0,6,8,18,4,10,2,0,0,0,18,11,0,6,2,2,0,0,0,2,0,8,0,0,4,0,3,1,0,2,0,0,21,0,0,0,0,0,4,0,0,0,0,0,0,0,0,0,2,0,0,0,72
"Uruguay",36,0.526763451422801,15164.5277777778,6,18,2,0,4,6,0,0,0,4,8,0,8,2,0,0,2,4,2,0,6,0,0,0,0,0,0,0,0,0,0,0,0,2,0,2,0,0,0,0,0,0,0,0,0,0,0,4,0,0,0,0,2,2,0,0,0,2,2,4,0,0,2,0,0,0,0,4,0,0,0,0,0,2,0,0,0,0,2,0,0,0,0,0,2,0,0,0,2,0,0,0,2,0,0,0,0,0,0,0,0,0,0,0,0,0,0,0,0,0,0,0,0,0,0,0,0,0,0,0,0,0,0,0,0,0,0,0,0,0,0,0,0,0,0,0,0,0,0,0,0,0,0,0
"Venezuela",142,7.95208997804654,1772988.77464789,10,52,20,10,30,12,2,2,4,10,28,18,30,2,0,0,4,12,4,0,24,0,2,0,0,4,0,0,0,4,0,0,0,4,8,8,2,0,10,0,2,4,2,2,0,0,6,6,0,0,2,0,0,0,0,4,2,10,10,0,0,0,0,0,2,6,2,6,0,2,0,0,0,4,0,0,2,0,0,2,0,10,0,0,0,0,0,0,0,0,0,0,0,4,0,0,0,0,2,0,0,2,6,0,4,0,0,0,0,0,0,0,2,0,0,0,0,0,2,0,0,0,0,0,0,0,2,0,0,0,0,0,0,0,0,0,0,0,0,0,0,0,0,0
"Vietnam",6,34.8361485046801,25856059.3333333,2,0,0,0,2,0,0,0,2,2,0,0,0,0,0,0,0,0,0,2,0,0,0,0,0,2,0,0,0,0,0,0,0,0,0,0,0,0,0,0,0,2,0,0,0,0,0,0,0,0,0,0,0,0,0,0,0,0,0,0,0,0,0,0,0,0,0,0,0,0,0,0,0,0,0,0,0,0,0,0,0,0,0,0,0,0,0,0,0,0,0,0,0,0,0,0,0,0,0,0,0,0,0,0,2,0,2,0,0,0,0,0,0,0,0,0,0,0,0,0,0,0,0,0,0,0,0,0,0,0,0,0,0,0,0,0,0,0,0,0,0,0,0,0
"Yemen",428,18.4700073002961,4734473.45327103,46,102,76,56,92,34,6,4,12,42,56,34,80,0,2,14,18,14,26,0,72,2,16,2,4,8,10,14,14,0,0,0,4,8,14,2,10,2,12,4,6,14,8,2,0,0,6,6,2,2,18,2,2,2,2,0,12,4,10,14,4,2,10,2,10,8,8,12,6,2,0,4,0,8,4,6,4,4,0,8,0,10,0,6,0,2,2,6,8,4,6,0,0,12,0,8,10,4,0,0,0,0,8,10,0,0,0,0,4,8,4,2,2,0,0,10,10,0,0,0,0,0,0,0,0,2,0,0,2,0,10,0,4,2,0,0,0,2,0,0,0,0,0,0
"Zambia",10,47.0034387044315,4566971.2,2,6,2,0,0,0,0,0,0,2,4,0,2,0,0,0,0,0,2,0,0,0,0,0,0,0,0,0,0,0,0,0,0,0,0,2,0,0,0,0,0,0,2,0,0,0,0,0,2,0,0,0,0,0,0,0,0,0,0,0,0,0,2,0,0,0,0,2,0,0,0,0,0,0,0,0,0,0,0,0,0,0,0,0,0,0,0,0,0,0,0,0,0,0,0,0,0,0,0,0,0,0,0,0,0,0,0,0,0,0,0,0,0,0,0,0,0,0,0,0,0,0,0,0,0,0,0,0,0,0,0,0,0,0,0,0,0,0,0,0,0,0,0,0
"Zimbabwe",8,30.8931710488418,4326097.875,0,2,0,0,0,4,2,0,0,2,4,0,0,0,0,0,0,0,0,0,0,0,0,0,0,0,0,2,0,0,0,0,0,0,2,0,0,0,0,0,0,2,0,0,0,0,0,0,2,0,0,0,0,0,0,0,0,0,0,0,0,0,0,0,0,0,0,2,0,0,0,0,0,0,0,0,0,0,0,0,0,0,0,0,0,0,0,0,0,0,0,0,0,0,0,0,0,0,0,0,0,0,0,0,0,0,0,0,0,0,0,0,0,0,0,0,0,0,0,0,0,0,0,0,0,0,0,0,0,0,0,0,0,0,0,0,0,0,0,0,0,0,0,0
